{"cameraMode":{"drawMode":0,"name":"Shaded","section":"Shading Mode"},"sceneLighting":false,"audioPlay":false,"sceneViewState":{"showFog":true,"showMaterialUpdate":false,"showSkybox":false,"showFlares":true,"showImageEffects":true,"showParticleSystems":true},"in2DMode":false,"pivot":{"x":0.0,"y":-0.23044642806053163,"z":2.7939677238464357e-8},"rotation":{"x":0.1892063170671463,"y":0.1397222876548767,"z":-0.0271659754216671,"w":0.9716740250587463},"size":1.060219168663025,"orthographic":false}