{"cameraMode":{"drawMode":0,"name":"Shaded","section":"Shading Mode"},"sceneLighting":false,"audioPlay":false,"sceneViewState":{"showFog":true,"showMaterialUpdate":false,"showSkybox":false,"showFlares":true,"showImageEffects":true,"showParticleSystems":true},"in2DMode":false,"pivot":{"x":0.0,"y":0.8358873724937439,"z":0.012458637356758118},"rotation":{"x":-0.02728963829576969,"y":0.03507714718580246,"z":-0.0009623192017897964,"w":-0.9990252256393433},"size":4.456679821014404,"orthographic":false}