{"cameraMode":{"drawMode":0,"name":"Shaded","section":"Shading Mode"},"sceneLighting":true,"audioPlay":false,"sceneViewState":{"showFog":true,"showMaterialUpdate":false,"showSkybox":true,"showFlares":true,"showImageEffects":true,"showParticleSystems":true},"in2DMode":false,"pivot":{"x":72.31999969482422,"y":21.469999313354493,"z":60.689998626708987},"rotation":{"x":-0.02728963829576969,"y":0.03507714718580246,"z":-0.0009623192017897964,"w":-0.9990252256393433},"size":4.112303733825684,"orthographic":false}