{"cameraMode":{"drawMode":0,"name":"Shaded","section":"Shading Mode"},"sceneLighting":true,"audioPlay":false,"sceneViewState":{"showFog":true,"showMaterialUpdate":false,"showSkybox":true,"showFlares":true,"showImageEffects":true,"showParticleSystems":true},"in2DMode":false,"pivot":{"x":-30.0,"y":24.750019073486329,"z":-0.9813632965087891},"rotation":{"x":0.0003955236461479217,"y":-0.9994077682495117,"z":-0.035684339702129367,"w":-0.011389464139938355},"size":17.147302627563478,"orthographic":false}